Prior-study status,count,Percentage
With prior study,127507,69.72091293839743
Without prior study,55375,30.27908706160256
Total,182882,100.0
