Variable,Mean,Std,Median,Min,Max,Missing (%)
Temperature,98.170586,4.0171247,98.1,1.04,978.0,18.791689273290142
Heart rate,87.522354,20.289883,86.0,12.0,1228.0,15.956818689560528
Respiratory rate,18.441475,3.8172216,18.0,1.0,189.0,17.375450802668112
O2 saturation,97.65179,8.5669,98.0,0.0,1005.0,16.975712507579868
Systolic BP,133.64952,111.29695,131.0,7.0,12080.0,16.07091564803881
Diastolic BP,77.629456,273.69077,73.0,0.0,74810.0,16.295918041681297
